{"spot_diameter_fullres": 89.51300778970348, "tissue_hires_scalef": 0.17211704, "fiducial_diameter_fullres": 144.59793566029023, "tissue_lowres_scalef": 0.051635113}