{"spot_diameter_fullres": 89.50991269308707, "tissue_hires_scalef": 0.17211704, "fiducial_diameter_fullres": 144.59293588883295, "tissue_lowres_scalef": 0.051635113}