{"spot_diameter_fullres": 89.44476048022638, "tissue_hires_scalef": 0.17011142, "fiducial_diameter_fullres": 144.48769000651953, "tissue_lowres_scalef": 0.051033426}